[
  {
    "id": "cajun-chicken-traybake",
    "name": "Cajun Chicken Traybake with Rice",
    "source": "Jamie Oliver",
    "sourceUrl": "https://www.jamieoliver.com/recipes/chicken/cajun-chicken-traybake/",
    "image": "https://www.jamieoliver.com/recipes/chicken/cajun-chicken-traybake/",
    "servings": 4,
    "cookTime": 55,
    "prepTime": 10,
    "difficulty": "Easy",
    "cuisine": "American",
    "mainProtein": "Chicken",
    "calories": 663,
    "tags": [
      "one-pan",
      "family-friendly",
      "traybake",
      "budget-friendly"
    ],
    "dietary": [],
    "soloFriendly": false,
    "familyFriendly": true,
    "description": "Full of colour and flavour, this one-pan wonder cooks the rice right in the tray with the chicken. Minimal effort, maximum reward.",
    "ingredients": [
      {
        "name": "chicken thighs, skin on, bone in",
        "amount": 4,
        "unit": "pieces",
        "scalingType": "linear"
      },
      {
        "name": "onions",
        "amount": 2,
        "unit": "pieces",
        "scalingType": "linear"
      },
      {
        "name": "mixed peppers",
        "amount": 2,
        "unit": "pieces",
        "scalingType": "linear"
      },
      {
        "name": "Cajun seasoning",
        "amount": 2,
        "unit": "tbsp",
        "scalingType": "threshold",
        "minimumAmount": 1,
        "minimumUnit": "tbsp"
      },
      {
        "name": "garlic cloves, unpeeled",
        "amount": 4,
        "unit": "pieces",
        "scalingType": "threshold",
        "minimumAmount": 2,
        "minimumUnit": "pieces"
      },
      {
        "name": "olive oil",
        "amount": 1,
        "unit": "tbsp",
        "scalingType": "threshold",
        "minimumAmount": 1,
        "minimumUnit": "tbsp"
      },
      {
        "name": "red wine vinegar",
        "amount": 1,
        "unit": "tbsp",
        "scalingType": "threshold",
        "minimumAmount": 1,
        "minimumUnit": "tbsp"
      },
      {
        "name": "rice",
        "amount": 300,
        "unit": "g",
        "scalingType": "linear"
      },
      {
        "name": "boiling water",
        "amount": 600,
        "unit": "ml",
        "scalingType": "linear"
      },
      {
        "name": "black pepper",
        "amount": 1,
        "unit": "pinch",
        "scalingType": "fixed"
      }
    ],
    "method": [
      "Preheat the oven to 200\u00b0C/400\u00b0F/gas 6.",
      "Peel and halve the onions. Tear up the peppers into big chunks, discarding the seeds and stalks.",
      "Place it all in a 35cm x 25cm roasting tray with the chicken, Cajun seasoning and whole unpeeled garlic cloves.",
      "Drizzle with olive oil and red wine vinegar, season with black pepper and toss well, turning the chicken skin side up.",
      "Roast for 40 minutes.",
      "Boil the kettle. Remove the tray from the oven and mash the soft garlic cloves into the tray juices, discarding the skins.",
      "Around the chicken, pour in the rice and boiling water. Cover tightly with foil and return to the oven for 15 minutes until the rice is cooked.",
      "Remove foil, fluff the rice and serve."
    ],
    "tips": "Go veggie: Replace the chicken with scrubbed butternut squash or aubergine, cut into big chunks and cooked the same way."
  },
  {
    "id": "one-pot-mushroom-orzo",
    "name": "Creamy Mushroom & Spinach Orzo",
    "source": "BBC Good Food",
    "sourceUrl": "https://www.bbcgoodfood.com/recipes/creamy-mushroom-spinach-orzo",
    "image": "",
    "servings": 2,
    "cookTime": 25,
    "prepTime": 5,
    "difficulty": "Easy",
    "cuisine": "Italian",
    "mainProtein": "None",
    "calories": 420,
    "tags": [
      "one-pot",
      "quick",
      "vegetarian",
      "solo-friendly",
      "budget-friendly"
    ],
    "dietary": [
      "vegetarian"
    ],
    "soloFriendly": true,
    "familyFriendly": false,
    "description": "A risotto-style orzo that cooks in one pot with mushrooms and spinach. Rich, creamy, and ready in under 30 minutes \u2014 perfect for a solo weeknight dinner.",
    "ingredients": [
      {
        "name": "olive oil",
        "amount": 1,
        "unit": "tbsp",
        "scalingType": "threshold",
        "minimumAmount": 1,
        "minimumUnit": "tbsp"
      },
      {
        "name": "chestnut mushrooms, sliced",
        "amount": 250,
        "unit": "g",
        "scalingType": "linear"
      },
      {
        "name": "garlic cloves, crushed",
        "amount": 2,
        "unit": "pieces",
        "scalingType": "threshold",
        "minimumAmount": 1,
        "minimumUnit": "pieces"
      },
      {
        "name": "orzo pasta",
        "amount": 200,
        "unit": "g",
        "scalingType": "linear"
      },
      {
        "name": "vegetable stock",
        "amount": 500,
        "unit": "ml",
        "scalingType": "linear"
      },
      {
        "name": "baby spinach",
        "amount": 100,
        "unit": "g",
        "scalingType": "linear"
      },
      {
        "name": "parmesan, grated",
        "amount": 30,
        "unit": "g",
        "scalingType": "threshold",
        "minimumAmount": 15,
        "minimumUnit": "g"
      },
      {
        "name": "lemon juice",
        "amount": 1,
        "unit": "tbsp",
        "scalingType": "threshold",
        "minimumAmount": 1,
        "minimumUnit": "tbsp"
      },
      {
        "name": "salt and pepper",
        "amount": 1,
        "unit": "pinch",
        "scalingType": "fixed"
      }
    ],
    "method": [
      "Heat olive oil in a deep pan over medium-high heat. Add the mushrooms and cook for 5 minutes until golden.",
      "Add the garlic and cook for 1 minute until fragrant.",
      "Stir in the orzo and pour over the vegetable stock. Bring to a simmer.",
      "Cook for 10-12 minutes, stirring occasionally, until the orzo is tender and the liquid has been mostly absorbed.",
      "Stir through the spinach until wilted, then remove from heat.",
      "Add the parmesan and lemon juice, season to taste and serve immediately."
    ],
    "tips": "Make it vegan: skip the parmesan and add a tablespoon of nutritional yeast instead. For extra protein, stir in a drained tin of white beans with the spinach."
  },
  {
    "id": "prawn-coconut-noodles",
    "name": "Quick Prawn & Coconut Noodles",
    "source": "Mob Kitchen",
    "sourceUrl": "https://www.mob.co.uk/recipes",
    "image": "",
    "servings": 1,
    "cookTime": 15,
    "prepTime": 5,
    "difficulty": "Easy",
    "cuisine": "Thai",
    "mainProtein": "Prawns",
    "calories": 480,
    "tags": [
      "quick",
      "solo-friendly",
      "pescatarian",
      "one-pot",
      "under-20-min"
    ],
    "dietary": [
      "pescatarian",
      "dairy-free"
    ],
    "soloFriendly": true,
    "familyFriendly": false,
    "description": "A single-serving noodle bowl that comes together in 15 minutes. Sweet, spicy, coconutty \u2014 the kind of solo dinner that makes you glad nobody else is eating it.",
    "ingredients": [
      {
        "name": "rice noodles",
        "amount": 100,
        "unit": "g",
        "scalingType": "linear"
      },
      {
        "name": "raw king prawns",
        "amount": 150,
        "unit": "g",
        "scalingType": "linear"
      },
      {
        "name": "coconut milk",
        "amount": 200,
        "unit": "ml",
        "scalingType": "linear"
      },
      {
        "name": "red curry paste",
        "amount": 1,
        "unit": "tbsp",
        "scalingType": "threshold",
        "minimumAmount": 1,
        "minimumUnit": "tbsp"
      },
      {
        "name": "soy sauce",
        "amount": 1,
        "unit": "tbsp",
        "scalingType": "threshold",
        "minimumAmount": 1,
        "minimumUnit": "tbsp"
      },
      {
        "name": "lime",
        "amount": 1,
        "unit": "pieces",
        "scalingType": "fixed"
      },
      {
        "name": "sugar snap peas or mangetout",
        "amount": 80,
        "unit": "g",
        "scalingType": "linear"
      },
      {
        "name": "fresh coriander",
        "amount": 1,
        "unit": "handful",
        "scalingType": "fixed"
      },
      {
        "name": "vegetable oil",
        "amount": 1,
        "unit": "tsp",
        "scalingType": "fixed"
      }
    ],
    "method": [
      "Cook the rice noodles according to packet instructions, drain and set aside.",
      "Heat oil in a wok or frying pan over high heat. Add the curry paste and fry for 30 seconds.",
      "Add the prawns and cook for 2 minutes until pink.",
      "Pour in the coconut milk and soy sauce. Bring to a simmer.",
      "Add the sugar snap peas and cook for 2 minutes until just tender.",
      "Toss in the drained noodles and stir to coat in the sauce.",
      "Squeeze over the lime, scatter with coriander and eat straight from the pan."
    ],
    "tips": "Make it vegan: swap prawns for firm tofu, cubed and pan-fried until golden before adding to the sauce. The coconut milk and curry paste do all the heavy lifting flavour-wise."
  },
  {
    "id": "black-bean-sweet-potato-chilli",
    "name": "Sweet Potato & Black Bean Chilli",
    "source": "BBC Good Food",
    "sourceUrl": "https://www.bbcgoodfood.com/recipes/sweet-potato-black-bean-chilli",
    "image": "",
    "servings": 4,
    "cookTime": 40,
    "prepTime": 10,
    "difficulty": "Easy",
    "cuisine": "Mexican",
    "mainProtein": "None",
    "calories": 350,
    "tags": [
      "vegan",
      "family-friendly",
      "one-pot",
      "batch-cook",
      "budget-friendly",
      "freezer-friendly"
    ],
    "dietary": [
      "vegan",
      "vegetarian",
      "dairy-free",
      "gluten-free"
    ],
    "soloFriendly": true,
    "familyFriendly": true,
    "description": "A hearty, warming chilli that's naturally vegan and packed with protein from black beans. Freezes brilliantly \u2014 make a batch and you've got solo dinners sorted for the week.",
    "ingredients": [
      {
        "name": "olive oil",
        "amount": 1,
        "unit": "tbsp",
        "scalingType": "threshold",
        "minimumAmount": 1,
        "minimumUnit": "tbsp"
      },
      {
        "name": "onion, diced",
        "amount": 1,
        "unit": "pieces",
        "scalingType": "linear"
      },
      {
        "name": "garlic cloves, crushed",
        "amount": 2,
        "unit": "pieces",
        "scalingType": "threshold",
        "minimumAmount": 1,
        "minimumUnit": "pieces"
      },
      {
        "name": "sweet potatoes, peeled and cubed",
        "amount": 2,
        "unit": "pieces",
        "scalingType": "linear"
      },
      {
        "name": "smoked paprika",
        "amount": 1,
        "unit": "tsp",
        "scalingType": "threshold",
        "minimumAmount": 0.5,
        "minimumUnit": "tsp"
      },
      {
        "name": "ground cumin",
        "amount": 1,
        "unit": "tsp",
        "scalingType": "threshold",
        "minimumAmount": 0.5,
        "minimumUnit": "tsp"
      },
      {
        "name": "chilli powder",
        "amount": 0.5,
        "unit": "tsp",
        "scalingType": "threshold",
        "minimumAmount": 0.25,
        "minimumUnit": "tsp"
      },
      {
        "name": "chopped tomatoes (tin)",
        "amount": 400,
        "unit": "g",
        "scalingType": "linear"
      },
      {
        "name": "black beans, drained (tin)",
        "amount": 400,
        "unit": "g",
        "scalingType": "linear"
      },
      {
        "name": "vegetable stock",
        "amount": 200,
        "unit": "ml",
        "scalingType": "linear"
      },
      {
        "name": "lime",
        "amount": 1,
        "unit": "pieces",
        "scalingType": "fixed"
      },
      {
        "name": "fresh coriander",
        "amount": 1,
        "unit": "handful",
        "scalingType": "fixed"
      },
      {
        "name": "salt and pepper",
        "amount": 1,
        "unit": "pinch",
        "scalingType": "fixed"
      }
    ],
    "method": [
      "Heat olive oil in a large saucepan over medium heat. Add the onion and cook for 5 minutes until softened.",
      "Add the garlic, smoked paprika, cumin, and chilli powder. Stir for 1 minute until fragrant.",
      "Add the sweet potato cubes and stir to coat in the spices.",
      "Pour in the chopped tomatoes, black beans, and vegetable stock. Stir well.",
      "Bring to a boil, then reduce to a simmer. Cover and cook for 25-30 minutes until the sweet potato is tender.",
      "Season with salt, pepper, and a squeeze of lime.",
      "Serve with rice, in a wrap, or with crusty bread. Top with coriander and a dollop of yoghurt (or coconut yoghurt to keep it vegan)."
    ],
    "tips": "Batch cook tip: This freezes perfectly in individual portions. Defrost overnight and reheat for an instant solo dinner. Kids love it with rice and a sprinkle of cheese on top."
  },
  {
    "id": "halloumi-traybake-veg",
    "name": "Halloumi & Mediterranean Veg Traybake",
    "source": "BBC Good Food",
    "sourceUrl": "https://www.bbcgoodfood.com/recipes/halloumi-traybake",
    "image": "",
    "servings": 2,
    "cookTime": 30,
    "prepTime": 10,
    "difficulty": "Easy",
    "cuisine": "Mediterranean",
    "mainProtein": "Halloumi",
    "calories": 490,
    "tags": [
      "vegetarian",
      "one-pan",
      "traybake",
      "solo-friendly",
      "quick"
    ],
    "dietary": [
      "vegetarian",
      "gluten-free"
    ],
    "soloFriendly": true,
    "familyFriendly": true,
    "description": "Chunks of salty halloumi roasted with courgette, peppers, and cherry tomatoes. One tray, barely any washing up, and it scales perfectly for one or two.",
    "ingredients": [
      {
        "name": "halloumi, cubed",
        "amount": 225,
        "unit": "g",
        "scalingType": "linear"
      },
      {
        "name": "courgette, chopped",
        "amount": 1,
        "unit": "pieces",
        "scalingType": "linear"
      },
      {
        "name": "red pepper, deseeded and chopped",
        "amount": 1,
        "unit": "pieces",
        "scalingType": "linear"
      },
      {
        "name": "red onion, cut into wedges",
        "amount": 1,
        "unit": "pieces",
        "scalingType": "linear"
      },
      {
        "name": "cherry tomatoes",
        "amount": 200,
        "unit": "g",
        "scalingType": "linear"
      },
      {
        "name": "olive oil",
        "amount": 2,
        "unit": "tbsp",
        "scalingType": "threshold",
        "minimumAmount": 1,
        "minimumUnit": "tbsp"
      },
      {
        "name": "dried oregano",
        "amount": 1,
        "unit": "tsp",
        "scalingType": "threshold",
        "minimumAmount": 0.5,
        "minimumUnit": "tsp"
      },
      {
        "name": "lemon",
        "amount": 0.5,
        "unit": "pieces",
        "scalingType": "fixed"
      },
      {
        "name": "salt and pepper",
        "amount": 1,
        "unit": "pinch",
        "scalingType": "fixed"
      }
    ],
    "method": [
      "Preheat the oven to 200\u00b0C/180\u00b0C fan/gas 6.",
      "Spread the courgette, pepper, onion, and cherry tomatoes on a large baking tray.",
      "Drizzle with olive oil, scatter over the oregano, season with salt and pepper and toss to coat.",
      "Nestle the halloumi cubes among the vegetables.",
      "Roast for 25-30 minutes until the veg is tender and the halloumi is golden at the edges.",
      "Squeeze over lemon juice and serve. Great with couscous, flatbreads, or just on its own."
    ],
    "tips": "Make it vegan: swap halloumi for a block of firm tofu, pressed and cubed. It won't get the same salty squeak but it'll crisp up nicely. Add a handful of olives or capers for that salty hit instead."
  }
]